{
  "bySchool": {
    "nam-phai": {
      "min": 22.5,
      "max": 82.5,
      "mean": 54.37641509434009,
      "median": 55,
      "histogram": {
        "40-44": 121,
        "35-39": 99,
        "45-49": 140,
        "70-74": 157,
        "60-64": 149,
        "50-54": 110,
        "65-69": 67,
        "25-29": 47,
        "75-79": 61,
        "55-59": 178,
        "80-84": 7,
        "20-24": 14,
        "30-34": 16
      }
    },
    "trung-chau": {
      "min": 10,
      "max": 95,
      "mean": 54.69974271012054,
      "median": 57.5,
      "histogram": {
        "40-44": 111,
        "35-39": 119,
        "45-49": 108,
        "55-59": 193,
        "60-64": 129,
        "50-54": 112,
        "65-69": 78,
        "25-29": 42,
        "90-94": 2,
        "75-79": 87,
        "80-84": 24,
        "70-74": 118,
        "20-24": 16,
        "15-19": 5,
        "30-34": 18,
        "10-14": 1,
        "85-89": 2,
        "95-99": 1
      }
    }
  }
}
