{
  "schemaVersion": "0.5.0",
  "profileId": "annual-axis-calibration-nam-phai-v0-5",
  "formulaVersion": "v0.5-calibrated-core",
  "trainingCorpusId": "annual-axes-audit-full-v0.4",
  "splitPolicy": {
    "trainingFraction": 0.8,
    "holdoutFraction": 0.2,
    "splitBy": "stable-chart-id"
  },
  "activationTargetMedianGate": 0.7,
  "activationScale": 12.089302186318386,
  "medianPositiveAnnualActivationRaw": 10.485058165646807,
  "domainScales": {
    "health": 0.6593154007709149,
    "family": 0.6600475275189389,
    "wealth": 0.47976867715803756,
    "career": 0.5170257026259224,
    "social": 0.5629475193560145,
    "romance": 0.4628030787805806
  },
  "q75AbsLatent": {
    "health": 0.2548880005163384,
    "family": 0.25517103701557714,
    "wealth": 0.18547614493487422,
    "career": 0.19987952261358716,
    "social": 0.2176326647860963,
    "romance": 0.17891733037823415
  },
  "trainingDiagnostics": {
    "medianActivationGate": 0.6990259861922142,
    "p90ActivationGate": 0.8938861816606153,
    "maxActivationGate": 0.9798899003570146
  },
  "generatedAt": "2026-07-21T00:00:00.000Z",
  "sourceIds": [
    "SRC-AA-ENG-004"
  ]
}
