{
  "profileId": "annual-axes-v0.4",
  "school": "nam-phai",
  "chartCount": 100,
  "yearsPerChart": 12,
  "resultCount": 1200,
  "scoreSummaryByDomain": {
    "health": {
      "min": 45.6,
      "max": 60.7,
      "mean": 51.709583333333654,
      "median": 51.2,
      "p10": 48.8,
      "p90": 55.8,
      "standardDeviation": 2.5995636689862303
    },
    "family": {
      "min": 45.7,
      "max": 55.4,
      "mean": 50.38783333333323,
      "median": 50.4,
      "p10": 49.1,
      "p90": 51.6,
      "standardDeviation": 1.0390307789900322
    },
    "wealth": {
      "min": 44.5,
      "max": 60.5,
      "mean": 51.13216666666678,
      "median": 50.6,
      "p10": 48.3,
      "p90": 55.3,
      "standardDeviation": 2.6110687541543816
    },
    "career": {
      "min": 45.2,
      "max": 57.6,
      "mean": 51.228666666666655,
      "median": 51.3,
      "p10": 48.9,
      "p90": 54,
      "standardDeviation": 1.9889171379690382
    },
    "social": {
      "min": 46.1,
      "max": 57.1,
      "mean": 51.257833333333394,
      "median": 51.1,
      "p10": 49.8,
      "p90": 53.1,
      "standardDeviation": 1.3510278935671716
    },
    "romance": {
      "min": 43.7,
      "max": 60.3,
      "mean": 51.61658333333316,
      "median": 51.1,
      "p10": 48.7,
      "p90": 55.1,
      "standardDeviation": 2.5959485968177423
    }
  },
  "allSixAbove50Rate": 0.1475,
  "allSixAbove60Rate": 0,
  "exactDuplicateVectorRate": 0.04,
  "intraYearAxisSpread": {
    "meanStandardDeviation": 2.1033576375118885,
    "medianRange": 5.5,
    "p10Range": 3.1000000000000014
  },
  "longitudinalChange": {
    "medianPerDomainTwelveYearRange": {
      "health": 2.1000000000000014,
      "family": 2.1499999999999986,
      "wealth": 3.9499999999999993,
      "career": 2.6999999999999993,
      "social": 1.8999999999999986,
      "romance": 3.200000000000003
    },
    "medianAdjacentYearAbsoluteDelta": {
      "health": 0.5,
      "family": 0.6000000000000014,
      "wealth": 0.9000000000000057,
      "career": 0.8000000000000043,
      "social": 0.5,
      "romance": 0.8000000000000043
    },
    "annualHeadMoveSensitivityRate": 0.9663636363636363
  },
  "interAxisCorrelation": {
    "health|family": -0.15893319782201323,
    "health|wealth": 0.1727874750039145,
    "health|career": 0.2497818903889497,
    "health|social": -0.3090712256302068,
    "health|romance": -0.41801697494108836,
    "family|wealth": 0.011186952034950683,
    "family|career": -0.045343439516816075,
    "family|social": -0.041343541228237204,
    "family|romance": 0.2454624027303336,
    "wealth|career": 0.49095507130012794,
    "wealth|social": -0.3038336821931999,
    "wealth|romance": -0.36580255842092896,
    "career|social": -0.22049377075967527,
    "career|romance": -0.22030706578176032,
    "social|romance": 0.3831031429692312
  },
  "crossChartSimilarity": {
    "medianNearestNeighborDistance": 0.5299365199079704,
    "nearDuplicateVectorRate": 0.98
  },
  "unavailableRate": 0,
  "partialRate": 0,
  "affinityCoverage": {
    "meanNumericEvidenceCountPerDomainYear": 5.752916666666667,
    "medianContextOnlyCountPerDomainYear": 83
  }
}
